Row,Col,Kzone
48,34,7
49,34,7
50,34,7
51,34,7
52,34,7
53,34,7
54,34,7
55,34,7
56,34,7
57,34,7
58,34,8
59,34,8
60,34,8
61,34,8
62,34,8
63,34,8
64,34,8
65,34,8
66,34,8
67,34,8
68,34,8
69,34,8
70,34,8
71,34,8
72,34,8
73,34,8
74,34,8
75,34,8
76,34,8
77,34,8
78,34,8
79,34,8
80,34,8
81,34,8
82,34,8
83,34,8
84,34,8
85,34,8
86,34,8
87,34,8
88,34,8
89,34,8
90,34,8
91,34,8
92,34,8
93,34,8
94,34,11
95,34,11
96,34,11
97,34,11
98,34,11
99,34,11
100,34,11
101,34,11
102,34,11
103,34,11
104,34,11
105,34,11
106,34,11
107,34,11
108,34,11
109,34,11
110,34,11
111,34,11
112,34,11
113,34,11
114,34,11
115,34,11
64,35,8
65,35,8
66,35,8
67,35,8
68,35,8
69,35,8
70,35,8
71,35,8
72,35,8
73,35,8
74,35,8
75,35,8
76,35,8
77,35,8
78,35,8
79,35,8
80,35,8
81,35,8
82,35,8
83,35,8
84,35,8
85,35,8
86,35,8
87,35,8
88,35,8
89,35,8
90,35,8
91,35,8
92,35,8
93,35,8
94,35,11
95,35,11
96,35,11
97,35,11
98,35,11
99,35,11
100,35,11
101,35,11
102,35,11
103,35,11
104,35,11
105,35,11
106,35,11
107,35,11
108,35,11
109,35,11
110,35,11
111,35,11
112,35,11
113,35,11
114,35,11
115,35,11
116,35,11
117,35,11
118,35,11
4,60,0
5,60,3
6,60,3
7,60,3
8,60,3
9,60,2
10,60,2
11,60,2
12,60,2
13,60,2
14,60,2
15,60,2
16,60,2
17,60,2
18,60,2
19,60,2
20,60,2
21,60,2
22,60,2
23,60,2
24,60,2
25,60,2
26,60,2
27,60,2
28,60,2
29,60,2
30,60,2
31,60,2
32,60,2
33,60,2
34,60,2
35,60,2
36,60,2
37,60,2
38,60,2
39,60,2
40,60,2
41,60,2
42,60,2
43,60,2
44,60,2
45,60,2
46,60,6
47,60,6
48,60,6
49,60,6
50,60,6
51,60,6
52,60,6
53,60,6
54,60,6
55,60,6
4,72,0
5,72,3
6,72,3
7,72,3
8,72,3
9,72,3
10,72,3
11,72,3
12,72,3
13,72,3
14,72,3
15,72,3
16,72,3
17,72,3
18,72,3
19,72,3
20,72,2
21,72,2
22,72,2
23,72,2
24,72,2
25,72,2
26,72,2
27,72,2
28,72,2
29,72,2
30,72,2
31,72,2
32,72,2
33,72,2
34,72,2
35,72,2
36,72,2
37,72,2
38,72,6
39,72,6
40,72,6
41,72,6
42,72,6
43,72,6
4,76,0
5,76,3
6,76,3
7,76,3
8,76,3
9,76,3
10,76,3
11,76,3
12,76,3
13,76,3
14,76,3
15,76,3
16,76,3
17,76,3
18,76,3
19,76,3
20,76,2
21,76,2
22,76,2
23,76,2
24,76,2
25,76,2
26,76,2
27,76,2
28,76,2
29,76,2
30,76,2
31,76,2
32,76,2
33,76,2
34,76,2
35,76,6
36,76,6
37,76,6
38,76,6
39,76,6
16,100,4
17,100,4
18,100,4
19,100,4
20,100,4
21,100,4
22,100,4
23,100,4
24,100,4
25,100,4
26,100,6
27,100,6
28,100,6
29,100,6
30,100,5
31,100,5
32,100,5
33,100,5
34,100,5
35,100,6
36,100,6
37,100,6
38,100,6
39,100,6
40,100,6
41,100,6
42,100,6
43,100,6
44,100,6
45,100,6
46,100,6
47,100,6
41,10,0
42,10,7
43,10,7
44,10,7
45,10,7
46,10,8
47,10,8
48,10,8
49,10,8
50,10,8
51,10,8
52,10,8
53,10,8
40,11,0
41,11,7
42,11,7
43,11,7
44,11,7
45,11,7
46,11,8
47,11,8
48,11,8
49,11,8
50,11,8
51,11,8
52,11,8
53,11,8
54,11,8
55,11,8
38,12,0
39,12,7
40,12,7
41,12,7
42,12,7
43,12,7
44,12,7
45,12,7
46,12,7
47,12,8
48,12,8
49,12,8
50,12,8
51,12,8
52,12,8
53,12,8
54,12,8
55,12,8
56,12,8
57,12,8
37,13,0
38,13,7
39,13,7
40,13,7
41,13,7
42,13,7
43,13,7
44,13,7
45,13,7
46,13,7
47,13,8
48,13,8
49,13,8
50,13,8
51,13,8
52,13,8
53,13,8
54,13,8
55,13,8
56,13,8
57,13,8
58,13,8
36,14,0
37,14,7
38,14,7
39,14,7
40,14,7
41,14,7
42,14,7
43,14,7
44,14,7
45,14,7
46,14,7
47,14,7
48,14,8
49,14,8
50,14,8
51,14,8
52,14,8
53,14,8
54,14,8
55,14,8
56,14,8
57,14,8
58,14,8
59,14,8
36,15,0
37,15,7
38,15,7
39,15,7
40,15,7
41,15,7
42,15,7
43,15,7
44,15,7
45,15,7
46,15,7
47,15,7
48,15,8
49,15,8
50,15,8
51,15,8
52,15,8
53,15,8
54,15,8
55,15,8
56,15,8
57,15,8
58,15,8
59,15,8
60,15,8
61,15,8
62,15,8
63,15,8
64,15,8
65,15,8
34,16,0
35,16,1
36,16,1
37,16,7
38,16,7
39,16,7
40,16,7
41,16,7
42,16,7
43,16,7
44,16,7
45,16,7
46,16,7
47,16,7
48,16,7
49,16,8
50,16,8
51,16,8
52,16,8
53,16,8
54,16,8
55,16,8
56,16,8
57,16,8
58,16,8
59,16,8
60,16,8
61,16,8
62,16,8
63,16,8
64,16,8
65,16,8
32,17,0
33,17,1
34,17,1
35,17,1
36,17,1
37,17,1
38,17,7
39,17,7
40,17,7
41,17,7
42,17,7
43,17,7
44,17,7
45,17,7
46,17,7
47,17,7
48,17,7
49,17,8
50,17,8
51,17,8
52,17,8
53,17,8
54,17,8
55,17,8
56,17,8
57,17,8
58,17,8
59,17,8
60,17,8
61,17,8
62,17,8
63,17,8
64,17,8
65,17,8
24,18,0
25,18,1
26,18,1
27,18,1
31,18,0
32,18,1
33,18,1
34,18,1
35,18,1
36,18,1
37,18,1
38,18,7
39,18,7
40,18,7
41,18,7
42,18,7
43,18,7
44,18,7
45,18,7
46,18,7
47,18,7
48,18,7
49,18,7
50,18,8
51,18,8
52,18,8
53,18,8
54,18,8
55,18,8
56,18,8
57,18,8
58,18,8
59,18,8
60,18,8
61,18,8
62,18,8
63,18,8
64,18,8
65,18,8
23,19,0
24,19,1
25,19,1
26,19,1
27,19,1
31,19,0
32,19,1
33,19,1
34,19,1
35,19,1
36,19,1
37,19,1
38,19,7
39,19,7
40,19,7
41,19,7
42,19,7
43,19,7
44,19,7
45,19,7
46,19,7
47,19,7
48,19,7
49,19,7
50,19,8
51,19,8
52,19,8
53,19,8
54,19,8
55,19,8
56,19,8
57,19,8
58,19,8
59,19,8
60,19,8
61,19,8
62,19,8
63,19,8
64,19,8
65,19,8
23,20,0
24,20,1
25,20,1
26,20,1
27,20,1
31,20,0
32,20,1
33,20,1
34,20,1
35,20,1
36,20,1
37,20,1
38,20,7
39,20,7
40,20,7
41,20,7
42,20,7
43,20,7
44,20,7
45,20,7
46,20,7
47,20,7
48,20,7
49,20,7
50,20,7
51,20,8
52,20,8
53,20,8
54,20,8
55,20,8
56,20,8
57,20,8
58,20,8
59,20,8
60,20,8
61,20,8
62,20,8
63,20,8
64,20,8
22,21,0
23,21,1
24,21,1
25,21,1
26,21,1
27,21,1
28,21,1
29,21,1
30,21,1
31,21,1
32,21,1
33,21,1
34,21,1
35,21,1
36,21,1
37,21,1
38,21,7
39,21,7
40,21,7
41,21,7
42,21,7
43,21,7
44,21,7
45,21,7
46,21,7
47,21,7
48,21,7
49,21,7
50,21,7
51,21,8
52,21,8
53,21,8
54,21,8
55,21,8
56,21,8
57,21,8
58,21,8
59,21,8
60,21,8
61,21,8
62,21,8
63,21,8
64,21,8
65,21,8
66,21,8
22,22,0
23,22,1
24,22,1
25,22,1
26,22,1
27,22,1
28,22,1
29,22,1
30,22,1
31,22,1
32,22,1
33,22,1
34,22,1
35,22,1
36,22,1
37,22,1
38,22,7
39,22,7
40,22,7
41,22,7
42,22,7
43,22,7
44,22,7
45,22,7
46,22,7
47,22,7
48,22,7
49,22,7
50,22,7
51,22,7
52,22,8
53,22,8
54,22,8
55,22,8
56,22,8
57,22,8
58,22,8
59,22,8
60,22,8
61,22,8
62,22,8
63,22,8
64,22,8
65,22,8
66,22,8
67,22,8
68,22,8
22,23,0
23,23,1
24,23,1
25,23,1
26,23,1
27,23,1
28,23,1
29,23,1
30,23,1
31,23,1
32,23,1
33,23,1
34,23,1
35,23,1
36,23,1
37,23,1
38,23,1
39,23,7
40,23,7
41,23,7
42,23,7
43,23,7
44,23,7
45,23,7
46,23,7
47,23,7
48,23,7
49,23,7
50,23,7
51,23,7
52,23,8
53,23,8
54,23,8
55,23,8
56,23,8
57,23,8
58,23,8
59,23,8
60,23,8
61,23,8
62,23,8
63,23,8
64,23,8
65,23,8
66,23,8
67,23,8
68,23,8
69,23,8
70,23,8
71,23,8
72,23,8
73,23,8
74,23,8
75,23,8
76,23,8
77,23,8
78,23,8
79,23,8
80,23,8
81,23,8
82,23,8
83,23,8
84,23,8
85,23,8
86,23,8
87,23,8
88,23,8
89,23,8
90,23,8
91,23,8
92,23,8
93,23,11
94,23,11
95,23,11
96,23,11
97,23,11
98,23,11
99,23,11
100,23,11
101,23,11
102,23,11
103,23,11
104,23,11
105,23,11
106,23,11
107,23,11
108,23,11
109,23,11
110,23,11
111,23,11
112,23,11
113,23,11
114,23,11
115,23,11
116,23,11
117,23,11
118,23,11
119,23,11
21,24,0
22,24,1
23,24,1
24,24,1
25,24,1
26,24,1
27,24,1
28,24,1
29,24,1
30,24,1
31,24,1
32,24,1
33,24,1
34,24,1
35,24,1
36,24,1
37,24,1
38,24,1
39,24,7
40,24,7
41,24,7
42,24,7
43,24,7
44,24,7
45,24,7
46,24,7
47,24,7
48,24,7
49,24,7
50,24,7
51,24,7
52,24,7
53,24,8
54,24,8
55,24,8
56,24,8
57,24,8
58,24,8
59,24,8
60,24,8
61,24,8
62,24,8
63,24,8
64,24,8
65,24,8
66,24,8
67,24,8
68,24,8
69,24,8
70,24,8
71,24,8
72,24,8
73,24,8
74,24,8
75,24,8
76,24,8
77,24,8
78,24,8
79,24,8
80,24,8
81,24,8
82,24,8
83,24,8
84,24,8
85,24,8
86,24,8
87,24,8
88,24,8
89,24,8
90,24,8
91,24,8
92,24,8
93,24,11
94,24,11
95,24,11
96,24,11
97,24,11
98,24,11
99,24,11
100,24,11
101,24,11
102,24,11
103,24,11
104,24,11
105,24,11
106,24,11
107,24,11
108,24,11
109,24,11
110,24,11
111,24,11
112,24,11
113,24,11
114,24,11
115,24,11
116,24,11
117,24,11
118,24,11
119,24,11
21,25,0
22,25,1
23,25,1
24,25,1
25,25,1
26,25,1
27,25,1
28,25,1
29,25,1
30,25,1
31,25,1
32,25,1
33,25,1
34,25,1
35,25,1
36,25,1
37,25,1
38,25,1
39,25,7
40,25,7
41,25,7
42,25,7
43,25,7
44,25,7
45,25,7
46,25,7
47,25,7
48,25,7
49,25,7
50,25,7
51,25,7
52,25,7
53,25,8
54,25,8
55,25,8
56,25,8
57,25,8
58,25,8
59,25,8
60,25,8
61,25,8
62,25,8
63,25,8
64,25,8
65,25,8
66,25,8
67,25,8
68,25,8
69,25,8
70,25,8
71,25,8
72,25,8
73,25,8
74,25,8
75,25,8
76,25,8
77,25,8
78,25,8
79,25,8
80,25,8
81,25,8
82,25,8
83,25,8
84,25,8
85,25,8
86,25,8
87,25,8
88,25,8
89,25,8
90,25,8
91,25,8
92,25,8
93,25,11
94,25,11
95,25,11
96,25,11
97,25,11
98,25,11
99,25,11
100,25,11
101,25,11
102,25,11
103,25,11
104,25,11
105,25,11
106,25,11
107,25,11
108,25,11
109,25,11
110,25,11
111,25,11
112,25,11
113,25,11
114,25,11
115,25,11
116,25,11
117,25,11
118,25,11
119,25,11
120,25,11
22,26,0
23,26,1
24,26,1
25,26,1
26,26,1
27,26,1
28,26,1
29,26,1
30,26,1
31,26,1
32,26,1
33,26,1
34,26,1
35,26,1
36,26,1
37,26,1
38,26,1
39,26,7
40,26,7
41,26,7
42,26,7
43,26,7
44,26,7
45,26,7
46,26,7
47,26,7
48,26,7
49,26,7
50,26,7
51,26,7
52,26,7
53,26,7
54,26,8
55,26,8
56,26,8
57,26,8
58,26,8
59,26,8
60,26,8
61,26,8
62,26,8
63,26,8
64,26,8
65,26,8
66,26,8
67,26,8
68,26,8
69,26,8
70,26,8
71,26,8
72,26,8
73,26,8
74,26,8
75,26,8
76,26,8
77,26,8
78,26,8
79,26,8
80,26,8
81,26,8
82,26,8
83,26,8
84,26,8
85,26,8
86,26,8
87,26,8
88,26,8
89,26,8
90,26,8
91,26,8
92,26,8
93,26,11
94,26,11
95,26,11
96,26,11
97,26,11
98,26,11
99,26,11
100,26,11
101,26,11
102,26,11
103,26,11
104,26,11
105,26,11
106,26,11
107,26,11
108,26,11
109,26,11
110,26,11
111,26,11
112,26,11
113,26,11
114,26,11
115,26,11
116,26,11
117,26,11
118,26,11
119,26,11
120,26,11
22,27,0
23,27,1
24,27,1
25,27,1
26,27,1
27,27,1
28,27,1
29,27,1
30,27,1
31,27,1
32,27,1
33,27,1
34,27,1
35,27,1
36,27,1
37,27,1
38,27,1
39,27,7
40,27,7
41,27,7
42,27,7
43,27,7
44,27,7
45,27,7
46,27,7
47,27,7
48,27,7
49,27,7
50,27,7
51,27,7
52,27,7
53,27,7
54,27,8
55,27,8
56,27,8
57,27,8
58,27,8
59,27,8
60,27,8
61,27,8
62,27,8
63,27,8
64,27,8
65,27,8
66,27,8
67,27,8
68,27,8
69,27,8
70,27,8
71,27,8
72,27,8
73,27,8
74,27,8
75,27,8
76,27,8
77,27,8
78,27,8
79,27,8
80,27,8
81,27,8
82,27,8
83,27,8
84,27,8
85,27,8
86,27,8
87,27,8
88,27,8
89,27,8
90,27,8
91,27,8
92,27,8
93,27,11
94,27,11
95,27,11
96,27,11
97,27,11
98,27,11
99,27,11
100,27,11
101,27,11
102,27,11
103,27,11
104,27,11
105,27,11
106,27,11
107,27,11
108,27,11
109,27,11
110,27,11
111,27,11
112,27,11
113,27,11
114,27,11
115,27,11
116,27,11
117,27,11
118,27,11
119,27,11
120,27,11
22,28,0
23,28,1
24,28,1
25,28,1
26,28,1
27,28,1
28,28,1
29,28,1
30,28,1
31,28,1
32,28,1
33,28,1
34,28,1
35,28,1
36,28,1
37,28,1
38,28,1
39,28,7
40,28,7
41,28,7
42,28,7
43,28,7
44,28,7
45,28,7
46,28,7
47,28,7
48,28,7
49,28,7
50,28,7
51,28,7
52,28,7
53,28,7
54,28,7
55,28,8
56,28,8
57,28,8
58,28,8
59,28,8
60,28,8
61,28,8
62,28,8
63,28,8
64,28,8
65,28,8
66,28,8
67,28,8
68,28,8
69,28,8
70,28,8
71,28,8
72,28,8
73,28,8
74,28,8
75,28,8
76,28,8
77,28,8
78,28,8
79,28,8
80,28,8
81,28,8
82,28,8
83,28,8
84,28,8
85,28,8
86,28,8
87,28,8
88,28,8
89,28,8
90,28,8
91,28,8
92,28,8
93,28,11
94,28,11
95,28,11
96,28,11
97,28,11
98,28,11
99,28,11
100,28,11
101,28,11
102,28,11
103,28,11
104,28,11
105,28,11
106,28,11
107,28,11
108,28,11
109,28,11
110,28,11
111,28,11
112,28,11
113,28,11
114,28,11
115,28,11
116,28,11
117,28,11
118,28,11
119,28,11
120,28,11
21,29,0
22,29,1
23,29,1
24,29,1
25,29,1
26,29,1
27,29,1
28,29,1
29,29,1
30,29,1
31,29,1
32,29,1
33,29,1
34,29,1
35,29,1
36,29,1
37,29,1
38,29,1
39,29,1
40,29,7
41,29,7
42,29,7
43,29,7
44,29,7
45,29,7
46,29,7
47,29,7
48,29,7
49,29,7
50,29,7
51,29,7
52,29,7
53,29,7
54,29,7
55,29,8
56,29,8
57,29,8
58,29,8
59,29,8
60,29,8
61,29,8
62,29,8
63,29,8
64,29,8
65,29,8
66,29,8
67,29,8
68,29,8
69,29,8
70,29,8
71,29,8
72,29,8
73,29,8
74,29,8
75,29,8
76,29,8
77,29,8
78,29,8
79,29,8
80,29,8
81,29,8
82,29,8
83,29,8
84,29,8
85,29,8
86,29,8
87,29,8
88,29,8
89,29,8
90,29,8
91,29,8
92,29,8
93,29,11
94,29,11
95,29,11
96,29,11
97,29,11
98,29,11
99,29,11
100,29,11
101,29,11
102,29,11
103,29,11
104,29,11
105,29,11
106,29,11
107,29,11
108,29,11
109,29,11
110,29,11
111,29,11
112,29,11
113,29,11
114,29,11
115,29,11
116,29,11
117,29,11
118,29,11
119,29,11
120,29,11
21,30,0
22,30,1
23,30,1
24,30,1
25,30,1
26,30,1
27,30,1
28,30,1
29,30,1
30,30,1
31,30,1
32,30,1
33,30,1
34,30,1
35,30,1
36,30,1
37,30,1
38,30,1
39,30,1
40,30,7
41,30,7
42,30,7
43,30,7
44,30,7
45,30,7
46,30,7
47,30,7
48,30,7
49,30,7
50,30,7
51,30,7
52,30,7
53,30,7
54,30,7
55,30,7
56,30,8
57,30,8
58,30,8
59,30,8
60,30,8
61,30,8
62,30,8
63,30,8
64,30,8
65,30,8
66,30,8
67,30,8
68,30,8
69,30,8
70,30,8
71,30,8
72,30,8
73,30,8
74,30,8
75,30,8
76,30,8
77,30,8
78,30,8
79,30,8
80,30,8
81,30,8
82,30,8
83,30,8
84,30,8
85,30,8
86,30,8
87,30,8
88,30,8
89,30,8
90,30,8
91,30,8
92,30,8
93,30,11
94,30,11
95,30,11
96,30,11
97,30,11
98,30,11
99,30,11
100,30,11
101,30,11
102,30,11
103,30,11
104,30,11
105,30,11
106,30,11
107,30,11
108,30,11
109,30,11
110,30,11
111,30,11
112,30,11
113,30,11
114,30,11
115,30,11
116,30,11
117,30,11
118,30,11
119,30,11
20,31,0
21,31,1
22,31,1
23,31,1
24,31,1
25,31,1
26,31,1
27,31,1
28,31,1
29,31,1
30,31,1
31,31,1
32,31,1
33,31,1
34,31,1
35,31,1
36,31,1
37,31,1
38,31,1
39,31,1
40,31,7
41,31,7
42,31,7
43,31,7
44,31,7
45,31,7
46,31,7
47,31,7
48,31,7
49,31,7
50,31,7
51,31,7
52,31,7
53,31,7
54,31,7
55,31,7
56,31,8
57,31,8
58,31,8
59,31,8
60,31,8
61,31,8
62,31,8
63,31,8
64,31,8
65,31,8
66,31,8
67,31,8
68,31,8
69,31,8
70,31,8
71,31,8
72,31,8
73,31,8
74,31,8
75,31,8
76,31,8
77,31,8
78,31,8
79,31,8
80,31,8
81,31,8
82,31,8
83,31,8
84,31,8
85,31,8
86,31,8
87,31,8
88,31,8
89,31,8
90,31,8
91,31,8
92,31,8
93,31,11
94,31,11
95,31,11
96,31,11
97,31,11
98,31,11
99,31,11
100,31,11
101,31,11
102,31,11
103,31,11
104,31,11
105,31,11
106,31,11
107,31,11
108,31,11
109,31,11
110,31,11
111,31,11
112,31,11
113,31,11
114,31,11
115,31,11
116,31,11
117,31,11
118,31,11
119,31,11
20,32,0
21,32,1
22,32,1
23,32,1
24,32,1
25,32,1
26,32,1
27,32,1
28,32,1
29,32,1
30,32,1
31,32,1
32,32,1
33,32,1
34,32,1
35,32,1
36,32,1
37,32,1
38,32,1
39,32,1
40,32,7
41,32,7
42,32,7
43,32,7
44,32,7
45,32,7
46,32,7
47,32,7
48,32,7
49,32,7
50,32,7
51,32,7
52,32,7
53,32,7
54,32,7
55,32,7
56,32,7
57,32,8
58,32,8
59,32,8
60,32,8
61,32,8
62,32,8
63,32,8
64,32,8
65,32,8
66,32,8
67,32,8
68,32,8
69,32,8
70,32,8
71,32,8
72,32,8
73,32,8
74,32,8
75,32,8
76,32,8
77,32,8
78,32,8
79,32,8
80,32,8
81,32,8
82,32,8
83,32,8
116,34,11
117,34,11
118,34,11
119,34,11
20,35,0
21,35,1
22,35,1
23,35,1
24,35,1
25,35,1
26,35,1
27,35,1
28,35,1
29,35,1
30,35,1
31,35,1
32,35,1
33,35,1
34,35,1
35,35,1
36,35,1
37,35,1
38,35,1
39,35,1
40,35,1
41,35,7
42,35,7
43,35,7
44,35,7
45,35,7
46,35,7
47,35,7
48,35,7
49,35,7
50,35,7
51,35,7
52,35,7
53,35,7
54,35,7
55,35,7
56,35,7
57,35,7
58,35,8
59,35,8
60,35,8
61,35,8
62,35,8
63,35,8
84,32,8
85,32,8
86,32,8
87,32,8
88,32,8
89,32,8
90,32,8
28,37,1
29,37,1
30,37,1
31,37,1
32,37,1
33,37,1
34,37,1
35,37,1
36,37,1
37,37,1
38,37,1
39,37,1
40,37,1
41,37,7
42,37,7
43,37,7
44,37,7
45,37,7
46,37,7
47,37,7
48,37,7
49,37,7
50,37,7
51,37,7
52,37,7
53,37,7
54,37,7
55,37,7
56,37,7
57,37,7
58,37,7
59,37,8
60,37,8
61,37,8
62,37,8
63,37,8
64,37,8
65,37,8
66,37,8
67,37,8
68,37,8
69,37,8
70,37,8
71,37,8
72,37,8
73,37,8
74,37,8
75,37,8
76,37,8
77,37,8
78,37,8
79,37,8
80,37,8
91,32,8
92,32,8
93,32,11
94,32,11
95,32,11
96,32,11
97,32,11
98,32,11
99,32,11
100,32,11
101,32,11
102,32,11
103,32,11
104,32,11
105,32,11
106,32,11
107,32,11
108,32,11
109,32,11
110,32,11
111,32,11
112,32,11
113,32,11
114,32,11
115,32,11
116,32,11
117,32,11
118,32,11
119,32,11
20,33,0
21,33,1
22,33,1
23,33,1
24,33,1
25,33,1
26,33,1
27,33,1
28,33,1
29,33,1
30,33,1
31,33,1
32,33,1
33,33,1
34,33,1
35,33,1
36,33,1
37,33,1
38,33,1
39,33,1
40,33,7
41,33,7
42,33,7
43,33,7
44,33,7
45,33,7
46,33,7
47,33,7
48,33,7
49,33,7
50,33,7
51,33,7
52,33,7
53,33,7
54,33,7
55,33,7
56,33,7
57,33,8
58,33,8
59,33,8
60,33,8
61,33,8
62,33,8
63,33,8
64,33,8
65,33,8
66,33,8
67,33,8
68,33,8
69,33,8
70,33,8
71,33,8
72,33,8
73,33,8
74,33,8
75,33,8
76,33,8
77,33,8
78,33,8
79,33,8
80,33,8
81,33,8
82,33,8
83,33,8
84,33,8
85,33,8
86,33,8
87,33,8
88,33,8
89,33,8
90,33,8
91,33,8
92,33,8
93,33,8
94,33,11
95,33,11
96,33,11
97,33,11
98,33,11
99,33,11
100,33,11
101,33,11
102,33,11
103,33,11
104,33,11
105,33,11
106,33,11
107,33,11
108,33,11
109,33,11
110,33,11
111,33,11
112,33,11
113,33,11
114,33,11
115,33,11
116,33,11
117,33,11
118,33,11
119,33,11
20,34,0
21,34,1
22,34,1
23,34,1
24,34,1
25,34,1
26,34,1
27,34,1
28,34,1
29,34,1
30,34,1
31,34,1
32,34,1
33,34,1
34,34,1
35,34,1
36,34,1
37,34,1
38,34,1
39,34,1
40,34,7
41,34,7
42,34,7
43,34,7
44,34,7
45,34,7
46,34,7
47,34,7
20,36,0
21,36,1
22,36,1
23,36,1
24,36,1
25,36,1
26,36,1
27,36,1
28,36,1
29,36,1
30,36,1
31,36,1
32,36,1
33,36,1
34,36,1
35,36,1
36,36,1
37,36,1
38,36,1
39,36,1
40,36,1
41,36,7
42,36,7
43,36,7
44,36,7
45,36,7
46,36,7
47,36,7
48,36,7
49,36,7
50,36,7
51,36,7
52,36,7
53,36,7
54,36,7
55,36,7
56,36,7
57,36,7
58,36,7
59,36,8
60,36,8
61,36,8
62,36,8
63,36,8
64,36,8
65,36,8
66,36,8
67,36,8
68,36,8
69,36,8
70,36,8
71,36,8
72,36,8
73,36,8
74,36,8
75,36,8
76,36,8
77,36,8
78,36,8
79,36,8
80,36,8
81,36,8
82,36,8
83,36,8
84,36,8
85,36,8
86,36,8
87,36,8
88,36,8
89,36,8
90,36,8
91,36,8
92,36,8
93,36,8
94,36,11
95,36,11
96,36,11
97,36,11
98,36,11
99,36,11
100,36,11
101,36,11
102,36,11
103,36,11
104,36,11
105,36,11
106,36,11
107,36,11
108,36,11
109,36,11
110,36,11
111,36,11
112,36,11
113,36,11
114,36,11
115,36,11
116,36,11
117,36,11
118,36,11
19,37,0
20,37,1
21,37,1
22,37,1
23,37,1
24,37,1
25,37,1
26,37,1
27,37,1
16,55,2
17,55,2
18,55,2
19,55,2
20,55,2
21,55,2
22,55,2
23,55,2
24,55,2
25,55,2
26,55,2
27,55,2
28,55,2
29,55,2
30,55,2
31,55,2
32,55,2
33,55,2
34,55,2
35,55,2
36,55,2
37,55,2
38,55,2
18,56,2
19,56,2
20,56,2
21,56,2
22,56,2
23,56,2
24,56,2
25,56,2
26,56,2
27,56,2
28,56,2
29,56,2
30,56,2
31,56,2
32,56,2
33,56,2
34,56,2
35,56,2
36,56,2
37,56,2
38,56,2
39,56,2
40,56,2
41,56,2
42,56,2
43,56,2
44,56,2
45,56,2
46,56,8
47,56,8
65,67,6
66,67,6
67,67,8
68,67,8
69,67,8
70,67,8
71,67,8
72,67,8
73,67,8
74,67,8
75,67,8
76,67,8
77,67,8
5,68,0
6,68,3
7,68,3
8,68,3
9,68,3
10,68,3
11,68,3
12,68,3
13,68,3
14,68,3
15,68,3
16,68,3
17,68,3
18,68,3
19,68,3
20,68,2
21,68,2
22,68,2
23,68,2
24,68,2
25,68,2
26,68,2
27,68,2
28,68,2
29,68,2
30,68,2
31,68,2
32,68,2
33,68,2
34,68,2
35,68,2
36,68,2
37,68,2
38,68,2
39,68,2
40,68,6
41,68,6
42,68,6
43,68,6
44,68,6
66,77,9
67,77,9
68,77,9
69,77,9
70,77,9
71,77,9
72,77,9
4,78,0
5,78,3
6,78,3
7,78,3
8,78,3
9,78,3
10,78,3
11,78,3
12,78,3
13,78,3
14,78,3
15,78,3
16,78,3
17,78,3
18,78,3
19,78,3
20,78,2
21,78,2
22,78,2
23,78,2
24,78,2
25,78,2
26,78,2
27,78,2
28,78,2
29,78,2
30,78,2
31,78,2
32,78,2
33,78,6
34,78,6
35,78,6
36,78,6
37,78,6
38,78,6
39,78,6
40,78,6
41,78,6
42,78,6
43,78,6
44,78,6
45,78,6
46,78,6
47,78,6
48,78,6
49,78,6
44,84,6
45,84,6
46,84,6
47,84,6
48,84,6
49,84,6
50,84,6
51,84,6
52,84,6
53,84,6
54,84,6
55,84,6
56,84,6
57,84,6
58,84,6
59,84,6
60,84,9
61,84,9
62,84,9
63,84,9
64,84,9
65,84,9
66,84,9
67,84,9
68,84,9
69,84,9
70,84,9
71,84,9
72,84,9
73,84,9
74,84,9
3,85,0
4,85,3
5,85,3
6,85,3
7,85,3
8,85,3
9,85,3
10,85,3
11,85,3
12,85,3
13,85,3
14,85,3
15,85,3
16,85,2
17,85,2
18,85,2
19,85,2
20,85,2
21,85,2
22,85,2
23,85,2
24,85,2
81,37,8
82,37,8
83,37,8
84,37,8
85,37,8
86,37,8
87,37,8
88,37,8
89,37,8
90,37,8
91,37,8
92,37,8
93,37,8
94,37,11
95,37,11
96,37,11
97,37,11
98,37,11
99,37,11
100,37,11
101,37,11
102,37,11
103,37,11
104,37,11
105,37,11
106,37,11
107,37,11
108,37,11
109,37,11
110,37,11
111,37,11
112,37,11
113,37,11
114,37,11
115,37,11
116,37,11
117,37,11
19,38,0
20,38,1
21,38,1
22,38,1
23,38,1
24,38,1
25,38,1
26,38,1
27,38,1
28,38,1
29,38,1
30,38,1
31,38,1
32,38,1
33,38,1
34,38,1
35,38,1
36,38,1
37,38,1
38,38,1
39,38,1
40,38,1
41,38,7
42,38,7
43,38,7
44,38,7
45,38,7
46,38,7
47,38,7
48,38,7
49,38,7
50,38,7
51,38,7
52,38,7
53,38,7
54,38,7
55,38,7
56,38,7
57,38,7
58,38,7
59,38,8
60,38,8
61,38,8
62,38,8
63,38,8
64,38,8
65,38,8
66,38,8
67,38,8
68,38,8
69,38,8
70,38,8
71,38,8
72,38,8
73,38,8
74,38,8
75,38,8
76,38,8
77,38,8
78,38,8
79,38,8
80,38,8
81,38,8
82,38,8
83,38,8
84,38,8
85,38,8
86,38,8
87,38,8
88,38,8
89,38,8
90,38,8
91,38,8
92,38,8
93,38,8
94,38,11
95,38,11
96,38,11
97,38,11
98,38,11
99,38,11
100,38,11
101,38,11
102,38,11
103,38,11
104,38,11
105,38,11
106,38,11
107,38,11
108,38,11
109,38,11
110,38,11
111,38,11
112,38,11
113,38,11
114,38,11
115,38,11
116,38,11
19,39,0
20,39,1
21,39,1
22,39,1
23,39,1
24,39,1
25,39,1
26,39,1
27,39,1
28,39,1
29,39,1
30,39,1
31,39,1
32,39,1
33,39,1
34,39,1
35,39,1
36,39,1
37,39,1
38,39,1
39,39,1
40,39,1
41,39,7
42,39,7
43,39,7
44,39,7
45,39,7
46,39,7
47,39,7
48,39,7
49,39,7
50,39,7
51,39,7
52,39,7
53,39,7
54,39,7
55,39,7
56,39,7
57,39,7
58,39,7
59,39,8
60,39,8
61,39,8
62,39,8
63,39,8
64,39,8
65,39,8
66,39,8
67,39,8
68,39,8
69,39,8
70,39,8
71,39,8
72,39,8
73,39,8
74,39,8
75,39,8
76,39,8
77,39,8
78,39,8
79,39,8
80,39,8
81,39,8
82,39,8
83,39,8
84,39,8
85,39,8
86,39,8
87,39,8
88,39,8
89,39,8
90,39,8
91,39,8
92,39,8
93,39,8
94,39,11
95,39,11
96,39,11
97,39,11
98,39,11
99,39,11
100,39,11
101,39,11
102,39,11
103,39,11
104,39,11
105,39,11
106,39,11
107,39,11
108,39,11
109,39,11
110,39,11
111,39,11
112,39,11
113,39,11
114,39,11
115,39,11
18,40,0
19,40,1
20,40,1
21,40,1
22,40,1
23,40,1
24,40,1
25,40,1
26,40,1
27,40,1
28,40,1
29,40,1
30,40,1
31,40,1
32,40,1
33,40,1
34,40,1
35,40,1
36,40,1
37,40,1
38,40,1
39,40,1
40,40,1
41,40,7
42,40,7
43,40,7
44,40,7
45,40,7
46,40,7
47,40,7
48,40,7
49,40,7
50,40,7
51,40,7
52,40,7
53,40,7
54,40,7
55,40,7
56,40,7
57,40,7
58,40,8
59,40,8
60,40,8
61,40,8
62,40,8
63,40,8
64,40,8
65,40,8
66,40,8
67,40,8
68,40,8
69,40,8
70,40,8
71,40,8
72,40,8
73,40,8
74,40,8
75,40,8
76,40,8
77,40,8
78,40,8
79,40,8
80,40,8
81,40,8
82,40,8
83,40,8
84,40,8
85,40,8
86,40,8
87,40,8
88,40,8
89,40,8
90,40,8
91,40,8
92,40,8
93,40,8
94,40,11
95,40,11
96,40,11
97,40,11
98,40,11
99,40,11
100,40,11
101,40,11
102,40,11
103,40,11
104,40,11
105,40,11
106,40,11
107,40,11
108,40,11
109,40,11
110,40,11
111,40,11
112,40,11
113,40,11
114,40,11
18,41,0
19,41,1
20,41,1
21,41,1
22,41,1
23,41,1
24,41,1
25,41,1
26,41,1
27,41,1
28,41,1
29,41,1
30,41,1
31,41,1
32,41,1
33,41,1
34,41,1
35,41,1
36,41,1
37,41,1
38,41,1
39,41,1
40,41,1
41,41,7
42,41,7
43,41,7
44,41,7
45,41,7
46,41,7
47,41,7
48,41,7
49,41,7
50,41,7
51,41,7
52,41,7
53,41,7
54,41,7
55,41,7
56,41,7
57,41,7
58,41,8
59,41,8
60,41,8
61,41,8
62,41,8
63,41,8
64,41,8
65,41,8
66,41,8
67,41,8
68,41,8
69,41,8
70,41,8
71,41,8
72,41,8
73,41,8
74,41,8
75,41,8
76,41,8
77,41,8
78,41,8
79,41,8
80,41,8
81,41,8
82,41,8
83,41,8
84,41,8
85,41,8
86,41,8
87,41,8
88,41,8
89,41,8
90,41,8
91,41,8
92,41,8
93,41,8
94,41,11
95,41,11
96,41,11
97,41,11
98,41,11
99,41,11
100,41,11
101,41,11
102,41,11
103,41,11
104,41,11
105,41,11
106,41,11
107,41,11
108,41,11
109,41,11
110,41,11
111,41,11
112,41,11
113,41,11
21,42,0
22,42,1
23,42,1
24,42,1
25,42,1
26,42,1
27,42,1
28,42,1
29,42,1
30,42,1
31,42,1
32,42,1
33,42,1
34,42,1
35,42,1
36,42,1
37,42,1
38,42,1
39,42,1
40,42,1
41,42,7
42,42,7
43,42,7
44,42,7
45,42,7
46,42,7
47,42,7
48,42,7
49,42,7
50,42,7
51,42,7
52,42,7
53,42,7
54,42,7
55,42,7
56,42,7
57,42,8
58,42,8
59,42,8
60,42,8
61,42,8
62,42,8
63,42,8
64,42,8
65,42,8
66,42,8
67,42,8
68,42,8
69,42,8
70,42,8
71,42,8
72,42,8
73,42,8
74,42,8
75,42,8
76,42,8
77,42,8
78,42,8
79,42,8
80,42,8
81,42,8
82,42,8
83,42,8
84,42,8
85,42,8
86,42,8
87,42,8
88,42,8
89,42,8
90,42,8
91,42,8
92,42,8
93,42,8
94,42,11
95,42,11
96,42,11
97,42,11
98,42,11
99,42,11
100,42,11
101,42,11
102,42,11
103,42,11
104,42,11
105,42,11
106,42,11
107,42,11
108,42,11
109,42,11
110,42,11
111,42,11
112,42,11
24,43,0
25,43,1
26,43,1
27,43,1
28,43,1
29,43,1
30,43,1
31,43,1
32,43,1
33,43,1
34,43,1
35,43,1
36,43,1
37,43,1
38,43,1
39,43,1
40,43,1
41,43,1
42,43,7
43,43,7
44,43,7
45,43,7
46,43,7
47,43,7
48,43,7
49,43,7
50,43,7
51,43,7
52,43,7
53,43,7
54,43,7
55,43,7
56,43,8
57,43,8
58,43,8
59,43,8
60,43,8
61,43,8
62,43,8
63,43,8
64,43,8
65,43,8
66,43,8
67,43,8
68,43,8
69,43,8
70,43,8
71,43,8
72,43,8
73,43,8
74,43,8
75,43,8
76,43,8
77,43,8
78,43,8
79,43,8
80,43,8
81,43,8
82,43,8
83,43,8
84,43,8
85,43,8
86,43,8
87,43,8
88,43,8
89,43,8
90,43,8
91,43,8
92,43,8
93,43,8
94,43,11
95,43,11
96,43,11
97,43,11
98,43,11
99,43,11
100,43,11
101,43,11
102,43,11
103,43,11
104,43,11
105,43,11
106,43,11
107,43,11
108,43,11
109,43,11
110,43,11
111,43,11
19,44,0
20,44,1
21,44,1
22,44,1
23,44,1
24,44,1
25,44,1
26,44,1
27,44,1
28,44,1
29,44,1
30,44,1
31,44,1
32,44,1
33,44,1
34,44,1
35,44,1
36,44,1
37,44,1
38,44,1
39,44,1
40,44,1
41,44,1
42,44,7
43,44,7
44,44,7
45,44,7
46,44,7
47,44,7
48,44,7
49,44,7
50,44,7
51,44,7
52,44,7
53,44,7
54,44,7
55,44,7
56,44,8
57,44,8
58,44,8
59,44,8
60,44,8
61,44,8
62,44,8
63,44,8
64,44,8
65,44,8
66,44,8
67,44,8
68,44,8
69,44,8
70,44,8
71,44,8
72,44,8
73,44,8
74,44,8
75,44,8
76,44,8
77,44,8
78,44,8
79,44,8
80,44,8
81,44,8
82,44,8
83,44,8
84,44,8
85,44,8
86,44,8
87,44,8
88,44,8
89,44,8
90,44,8
91,44,8
92,44,8
93,44,8
94,44,11
95,44,11
96,44,11
97,44,11
98,44,11
99,44,11
100,44,11
101,44,11
102,44,11
103,44,11
104,44,11
105,44,11
106,44,11
107,44,11
108,44,11
109,44,11
110,44,11
19,45,0
20,45,1
21,45,1
22,45,1
23,45,1
24,45,1
25,45,1
26,45,1
27,45,1
28,45,1
29,45,1
30,45,1
31,45,1
32,45,1
33,45,1
34,45,1
35,45,1
36,45,1
37,45,1
38,45,1
39,45,1
40,45,1
41,45,1
42,45,7
43,45,7
44,45,7
45,45,7
46,45,7
47,45,7
48,45,7
49,45,7
50,45,7
51,45,7
52,45,7
53,45,7
54,45,7
55,45,8
56,45,8
57,45,8
58,45,8
59,45,8
60,45,8
61,45,8
62,45,8
63,45,8
64,45,8
65,45,8
66,45,8
67,45,8
68,45,8
69,45,8
70,45,8
71,45,8
72,45,8
73,45,8
74,45,8
75,45,8
76,45,8
77,45,8
78,45,8
79,45,8
80,45,8
81,45,8
82,45,8
83,45,8
84,45,8
85,45,8
86,45,8
87,45,8
88,45,8
89,45,8
90,45,8
91,45,8
92,45,8
93,45,8
94,45,11
95,45,11
96,45,11
97,45,11
98,45,11
99,45,11
100,45,11
101,45,11
102,45,11
103,45,11
104,45,11
105,45,11
106,45,11
107,45,11
108,45,11
19,46,0
20,46,1
21,46,1
22,46,1
23,46,1
24,46,1
25,46,1
26,46,1
27,46,1
28,46,1
29,46,1
30,46,1
31,46,1
32,46,1
33,46,1
34,46,1
35,46,1
36,46,1
37,46,1
38,46,1
39,46,1
40,46,1
41,46,1
42,46,7
43,46,7
44,46,7
45,46,7
46,46,7
47,46,7
48,46,7
49,46,7
50,46,7
51,46,7
52,46,7
53,46,7
54,46,7
55,46,8
56,46,8
57,46,8
58,46,8
59,46,8
60,46,8
61,46,8
62,46,8
63,46,8
64,46,8
65,46,8
66,46,8
67,46,8
68,46,8
69,46,8
70,46,8
71,46,8
72,46,8
73,46,8
56,47,8
57,47,8
58,47,8
59,47,8
60,47,8
61,47,8
62,47,8
63,47,8
64,47,8
65,47,8
66,47,8
67,47,8
68,47,8
69,47,8
70,47,8
71,47,8
72,47,8
73,47,8
74,47,8
75,47,8
76,47,8
77,47,8
78,47,8
79,47,8
80,47,8
81,47,8
82,47,8
83,47,8
84,47,8
85,47,8
86,47,8
87,47,8
88,47,8
89,47,8
90,47,8
91,47,8
92,47,8
93,47,8
94,47,11
95,47,11
96,47,11
97,47,11
98,47,11
99,47,11
100,47,11
101,47,11
102,47,11
22,48,0
23,48,1
24,48,1
25,48,1
26,48,1
27,48,1
28,48,1
29,48,1
30,48,1
31,48,1
32,48,1
33,48,1
34,48,1
35,48,1
36,48,1
37,48,1
38,48,1
39,48,1
40,48,1
41,48,1
42,48,7
43,48,7
44,48,7
45,48,7
46,48,7
47,48,7
48,48,7
49,48,7
50,48,7
51,48,7
52,48,8
53,48,8
54,48,8
55,48,8
56,48,8
57,48,8
58,48,8
59,48,8
60,48,8
61,48,8
62,48,8
63,48,8
64,48,8
65,48,8
66,48,8
67,48,8
68,48,8
69,48,8
70,48,8
71,48,8
72,48,8
73,48,8
74,48,8
75,48,8
76,48,8
77,48,8
78,48,8
79,48,8
80,48,8
81,48,8
82,48,8
83,48,8
84,48,8
85,48,8
86,48,8
87,48,8
88,48,8
89,48,8
90,48,8
91,48,8
92,48,8
93,48,8
94,48,8
95,48,11
96,48,11
97,48,11
98,48,11
99,48,11
100,48,11
15,49,0
16,49,1
17,49,1
18,49,1
19,49,1
20,49,1
21,49,1
22,49,1
23,49,1
24,49,1
25,49,1
26,49,1
27,49,1
28,49,1
29,49,1
30,49,1
31,49,1
32,49,1
33,49,1
34,49,1
35,49,1
36,49,1
37,49,1
38,49,2
39,49,2
40,49,2
41,49,2
42,49,2
43,49,7
44,49,7
45,49,7
46,49,7
47,49,7
48,49,7
49,49,7
50,49,7
51,49,8
52,49,8
53,49,8
54,49,8
55,49,8
56,49,8
57,49,8
58,49,8
59,49,8
60,49,8
61,49,8
62,49,8
63,49,8
64,49,8
65,49,8
66,49,8
67,49,8
68,49,8
69,49,8
70,49,8
71,49,8
72,49,8
73,49,8
74,49,8
75,49,8
76,49,8
77,49,8
78,49,8
79,49,8
80,49,8
81,49,8
82,49,8
83,49,8
84,49,8
85,49,8
86,49,8
87,49,8
88,49,8
89,49,8
90,49,8
91,49,8
92,49,8
93,49,8
94,49,8
95,49,11
96,49,11
97,49,11
98,49,11
14,50,0
15,50,1
16,50,1
17,50,1
18,50,1
19,50,1
20,50,1
21,50,1
22,50,1
23,50,1
24,50,1
25,50,1
26,50,1
27,50,1
28,50,1
29,50,1
30,50,1
31,50,1
32,50,1
33,50,1
34,50,1
35,50,2
36,50,2
37,50,2
38,50,2
39,50,2
40,50,2
41,50,2
42,50,2
43,50,2
44,50,7
45,50,7
46,50,7
47,50,7
48,50,7
49,50,8
50,50,8
51,50,8
52,50,8
53,50,8
54,50,8
55,50,8
56,50,8
57,50,8
58,50,8
59,50,8
60,50,8
61,50,8
62,50,8
63,50,8
64,50,8
65,50,8
66,50,8
67,50,8
68,50,8
69,50,8
70,50,8
71,50,8
72,50,8
73,50,8
74,50,8
75,50,8
76,50,8
77,50,8
78,50,8
79,50,8
80,50,8
81,50,8
82,50,8
83,50,8
84,50,8
85,50,8
86,50,8
87,50,8
88,50,8
89,50,8
90,50,8
91,50,8
92,50,8
93,50,8
94,50,8
95,50,11
5,51,0
6,51,1
7,51,1
8,51,1
12,51,0
13,51,1
14,51,1
15,51,1
16,51,1
17,51,1
18,51,1
19,51,1
20,51,1
21,51,1
22,51,1
23,51,1
24,51,1
25,51,1
26,51,1
27,51,1
28,51,1
29,51,1
30,51,1
31,51,2
32,51,2
33,51,2
34,51,2
35,51,2
36,51,2
37,51,2
38,51,2
39,51,2
40,51,2
41,51,2
42,51,2
43,51,2
44,51,2
45,51,7
46,51,7
47,51,8
48,51,8
49,51,8
50,51,8
51,51,8
52,51,8
53,51,8
54,51,8
55,51,8
56,51,8
57,51,8
58,51,8
59,51,8
60,51,8
61,51,8
62,51,8
63,51,8
64,51,8
65,51,8
66,51,8
67,51,8
68,51,8
69,51,8
70,51,8
71,51,8
72,51,8
73,51,8
74,51,8
75,51,8
76,51,8
77,51,8
78,51,8
79,51,8
80,51,8
81,51,8
82,51,8
83,51,8
84,51,8
85,51,8
86,51,8
87,51,8
88,51,8
89,51,8
90,51,8
91,51,8
92,51,8
93,51,8
94,51,8
4,52,0
5,52,1
6,52,1
7,52,1
8,52,1
9,52,1
12,52,0
13,52,1
14,52,1
15,52,1
16,52,1
17,52,1
18,52,1
19,52,1
20,52,1
21,52,1
22,52,1
23,52,1
24,52,1
25,52,1
26,52,1
27,52,1
28,52,2
29,52,2
30,52,2
31,52,2
32,52,2
33,52,2
34,52,2
13,53,1
14,53,1
15,53,1
16,53,1
17,53,1
18,53,1
19,53,1
20,53,2
21,53,2
22,53,2
23,53,2
24,53,2
25,53,2
26,53,2
27,53,2
28,53,2
29,53,2
30,53,2
31,53,2
32,53,2
33,53,2
34,53,2
35,53,2
36,53,2
37,53,2
38,53,2
39,53,2
40,53,2
41,53,2
42,53,2
43,53,2
44,53,2
45,53,2
46,53,8
47,53,8
48,53,8
49,53,8
50,53,8
51,53,8
52,53,8
53,53,8
54,53,8
55,53,8
56,53,8
57,53,8
58,53,8
59,53,8
60,53,8
61,53,8
62,53,8
63,53,8
64,53,8
65,53,8
66,53,8
67,53,8
68,53,8
69,53,8
70,53,8
71,53,8
72,53,8
73,53,8
74,53,8
75,53,8
76,53,8
77,53,8
78,53,8
79,53,8
80,53,8
81,53,8
82,53,8
83,53,8
84,53,8
85,53,8
86,53,8
87,53,8
88,53,8
89,53,8
90,53,8
91,53,8
92,53,8
4,54,0
5,54,2
6,54,2
7,54,2
8,54,2
9,54,2
10,54,2
11,54,2
12,54,2
13,54,2
14,54,2
15,54,2
16,54,2
17,54,2
18,54,2
19,54,2
20,54,2
21,54,2
22,54,2
23,54,2
24,54,2
25,54,2
26,54,2
27,54,2
28,54,2
29,54,2
30,54,2
31,54,2
32,54,2
33,54,2
34,54,2
35,54,2
36,54,2
37,54,2
38,54,2
39,54,2
40,54,2
41,54,2
42,54,2
43,54,2
44,54,2
45,54,2
46,54,8
47,54,8
48,54,8
49,54,8
50,54,8
51,54,8
52,54,8
53,54,8
54,54,8
55,54,8
56,54,8
57,54,8
58,54,8
59,54,8
60,54,8
61,54,8
62,54,8
63,54,8
64,54,8
65,54,8
66,54,8
67,54,8
68,54,8
69,54,8
70,54,8
71,54,8
72,54,8
73,54,8
74,54,8
75,54,8
76,54,8
77,54,8
78,54,8
79,54,8
80,54,8
81,54,8
82,54,8
83,54,8
84,54,8
85,54,8
86,54,8
87,54,8
88,54,8
89,54,8
90,54,8
91,54,8
92,54,8
4,55,0
5,55,2
6,55,2
7,55,2
8,55,2
9,55,2
10,55,2
11,55,2
12,55,2
13,55,2
14,55,2
15,55,2
48,56,8
49,56,8
50,56,6
51,56,6
52,56,6
53,56,6
54,56,6
55,56,6
56,56,8
57,56,8
58,56,8
59,56,8
60,56,8
61,56,8
62,56,8
63,56,8
64,56,8
65,56,8
66,56,8
67,56,8
68,56,8
69,56,8
70,56,8
71,56,8
72,56,8
73,56,8
74,56,8
75,56,8
76,56,8
77,56,8
78,56,8
79,56,8
80,56,8
81,56,8
82,56,8
83,56,8
84,56,8
85,56,8
86,56,8
87,56,8
88,56,8
89,56,8
90,56,8
91,56,8
92,56,10
4,57,0
5,57,2
6,57,2
7,57,2
8,57,2
9,57,2
10,57,2
11,57,2
12,57,2
13,57,2
14,57,2
15,57,2
16,57,2
17,57,2
18,57,2
19,57,2
20,57,2
21,57,2
22,57,2
23,57,2
24,57,2
25,57,2
26,57,2
27,57,2
28,57,2
29,57,2
30,57,2
31,57,2
32,57,2
33,57,2
34,57,2
35,57,2
36,57,2
37,57,2
38,57,2
39,57,2
40,57,2
41,57,2
42,57,2
43,57,2
44,57,2
45,57,2
46,57,8
47,57,8
48,57,8
49,57,6
50,57,6
51,57,6
52,57,6
53,57,6
54,57,6
55,57,6
56,57,6
57,57,6
58,57,6
59,57,8
60,57,8
61,57,8
62,57,8
63,57,8
64,57,8
65,57,8
66,57,8
67,57,8
68,57,8
69,57,8
70,57,8
71,57,8
72,57,8
73,57,8
74,57,8
75,57,8
76,57,8
77,57,8
78,57,8
79,57,8
80,57,8
81,57,8
82,57,8
83,57,8
84,57,8
85,57,8
86,57,8
87,57,8
88,57,8
89,57,8
90,57,8
91,57,10
92,57,10
4,58,0
5,58,2
6,58,2
7,58,2
8,58,2
9,58,2
10,58,2
11,58,2
12,58,2
13,58,2
14,58,2
15,58,2
16,58,2
17,58,2
18,58,2
19,58,2
20,58,2
21,58,2
22,58,2
23,58,2
24,58,2
25,58,2
26,58,2
27,58,2
28,58,2
29,58,2
30,58,2
31,58,2
32,58,2
33,58,2
34,58,2
35,58,2
36,58,2
37,58,2
38,58,2
39,58,2
40,58,2
41,58,2
42,58,2
43,58,2
44,58,2
45,58,2
46,58,8
47,58,8
48,58,6
49,58,6
50,58,6
51,58,6
52,58,6
53,58,6
54,58,6
55,58,6
56,58,6
57,58,6
58,58,6
59,58,6
60,58,6
61,58,8
62,58,8
63,58,8
64,58,8
65,58,8
66,58,8
67,58,8
68,58,8
69,58,8
70,58,8
71,58,8
72,58,8
73,58,8
74,58,8
75,58,8
76,58,8
77,58,8
78,58,8
79,58,8
80,58,8
81,58,8
82,58,8
83,58,8
84,58,8
85,58,8
86,58,8
87,58,8
88,58,8
89,58,8
90,58,10
91,58,10
92,58,10
4,59,0
5,59,3
6,59,3
7,59,2
8,59,2
9,59,2
10,59,2
11,59,2
12,59,2
13,59,2
14,59,2
15,59,2
16,59,2
17,59,2
18,59,2
19,59,2
20,59,2
21,59,2
22,59,2
23,59,2
24,59,2
25,59,2
26,59,2
27,59,2
28,59,2
29,59,2
30,59,2
31,59,2
32,59,2
33,59,2
34,59,2
35,59,2
36,59,2
37,59,2
38,59,2
39,59,2
40,59,2
41,59,2
42,59,2
43,59,2
44,59,2
45,59,2
46,59,8
47,59,6
48,59,6
49,59,6
50,59,6
51,59,6
52,59,6
53,59,6
54,59,6
55,59,6
56,59,6
57,59,6
58,59,6
59,59,6
60,59,6
61,59,6
62,59,6
63,59,6
64,59,8
65,59,8
66,59,8
67,59,8
68,59,8
69,59,8
70,59,8
71,59,8
72,59,8
73,59,8
74,59,8
75,59,8
76,59,8
77,59,8
78,59,8
79,59,8
80,59,8
81,59,8
82,59,8
83,59,8
84,59,8
85,59,8
86,59,8
87,59,8
88,59,10
89,59,10
90,59,10
91,59,10
92,59,10
36,63,2
37,63,2
38,63,2
39,63,2
40,63,2
41,63,2
42,63,2
43,63,2
44,63,6
45,63,6
46,63,6
47,63,6
48,63,6
49,63,6
50,63,6
51,63,6
52,63,6
53,63,6
54,63,6
55,63,6
56,63,6
57,63,6
58,63,6
59,63,6
60,63,6
61,63,6
62,63,6
63,63,6
64,63,6
65,63,6
66,63,6
67,63,8
68,63,8
69,63,8
70,63,8
71,63,8
72,63,8
73,63,8
74,63,8
75,63,8
76,63,8
77,63,8
78,63,8
79,63,8
80,63,8
81,63,8
82,63,8
83,63,10
84,63,10
85,63,10
86,63,10
87,63,10
5,64,0
6,64,3
7,64,3
8,64,3
9,64,3
10,64,3
11,64,3
12,64,3
13,64,3
14,64,3
15,64,3
16,64,3
17,64,3
18,64,3
19,64,2
20,64,2
21,64,2
22,64,2
23,64,2
24,64,2
25,64,2
26,64,2
27,64,2
28,64,2
29,64,2
30,64,2
31,64,2
32,64,2
33,64,2
34,64,2
35,64,2
36,64,2
37,64,2
38,64,2
39,64,2
40,64,2
41,64,2
42,64,2
43,64,6
44,64,6
45,64,6
46,64,6
47,64,6
48,64,6
49,64,6
50,64,6
51,64,6
56,60,6
57,60,6
58,60,6
59,60,6
60,60,6
61,60,6
62,60,6
63,60,6
64,60,6
65,60,6
66,60,8
67,60,8
68,60,8
69,60,8
70,60,8
71,60,8
72,60,8
73,60,8
74,60,8
75,60,8
76,60,8
77,60,8
78,60,8
79,60,8
80,60,8
81,60,8
82,60,8
83,60,8
84,60,8
85,60,8
86,60,8
87,60,10
88,60,10
89,60,10
90,60,10
91,60,10
92,60,10
4,61,0
5,61,3
6,61,3
7,61,3
8,61,3
9,61,3
10,61,3
11,61,2
12,61,2
13,61,2
14,61,2
15,61,2
16,61,2
17,61,2
18,61,2
19,61,2
20,61,2
21,61,2
22,61,2
23,61,2
24,61,2
25,61,2
26,61,2
27,61,2
28,61,2
29,61,2
30,61,2
31,61,2
32,61,2
33,61,2
34,61,2
35,61,2
36,61,2
37,61,2
38,61,2
39,61,2
40,61,2
41,61,2
42,61,2
43,61,2
44,61,2
45,61,6
46,61,6
47,61,6
48,61,6
49,61,6
50,61,6
51,61,6
52,61,6
53,61,6
54,61,6
55,61,6
56,61,6
57,61,6
58,61,6
59,61,6
60,61,6
61,61,6
62,61,6
63,61,6
64,61,6
65,61,6
66,61,6
67,61,8
68,61,8
69,61,8
70,61,8
71,61,8
72,61,8
73,61,8
74,61,8
75,61,8
76,61,8
77,61,8
78,61,8
79,61,8
80,61,8
81,61,8
82,61,8
83,61,8
84,61,8
85,61,8
86,61,10
87,61,10
88,61,10
89,61,10
90,61,10
91,61,10
5,62,0
6,62,3
7,62,3
8,62,3
9,62,3
10,62,3
11,62,3
12,62,3
13,62,3
14,62,2
15,62,2
16,62,2
17,62,2
18,62,2
19,62,2
20,62,2
21,62,2
22,62,2
23,62,2
24,62,2
25,62,2
26,62,2
27,62,2
28,62,2
29,62,2
30,62,2
31,62,2
32,62,2
33,62,2
34,62,2
35,62,2
36,62,2
37,62,2
38,62,2
39,62,2
40,62,2
41,62,2
42,62,2
43,62,2
44,62,2
45,62,6
46,62,6
47,62,6
48,62,6
49,62,6
50,62,6
51,62,6
52,62,6
53,62,6
54,62,6
55,62,6
56,62,6
57,62,6
58,62,6
59,62,6
60,62,6
61,62,6
62,62,6
63,62,6
64,62,6
65,62,6
66,62,6
67,62,8
68,62,8
69,62,8
70,62,8
71,62,8
72,62,8
73,62,8
74,62,8
75,62,8
76,62,8
77,62,8
78,62,8
79,62,8
80,62,8
81,62,8
82,62,8
83,62,8
84,62,10
85,62,10
86,62,10
87,62,10
88,62,10
89,62,10
5,63,0
6,63,3
7,63,3
8,63,3
9,63,3
10,63,3
11,63,3
12,63,3
13,63,3
14,63,3
15,63,3
16,63,2
17,63,2
18,63,2
19,63,2
20,63,2
21,63,2
22,63,2
23,63,2
24,63,2
25,63,2
26,63,2
27,63,2
28,63,2
29,63,2
30,63,2
31,63,2
32,63,2
33,63,2
34,63,2
35,63,2
52,64,6
53,64,6
54,64,6
55,64,6
56,64,6
57,64,6
58,64,6
59,64,6
60,64,6
61,64,6
62,64,6
63,64,6
64,64,6
65,64,6
66,64,6
67,64,8
68,64,8
69,64,8
70,64,8
71,64,8
72,64,8
73,64,8
74,64,8
75,64,8
76,64,8
77,64,8
78,64,8
79,64,8
80,64,8
81,64,8
82,64,10
83,64,10
84,64,10
85,64,10
5,65,0
6,65,3
7,65,3
8,65,3
9,65,3
10,65,3
11,65,3
12,65,3
13,65,3
14,65,3
15,65,3
16,65,3
17,65,3
18,65,3
19,65,3
20,65,2
21,65,2
22,65,2
23,65,2
24,65,2
25,65,2
26,65,2
27,65,2
28,65,2
29,65,2
30,65,2
31,65,2
32,65,2
33,65,2
34,65,2
35,65,2
36,65,2
37,65,2
38,65,2
39,65,2
40,65,2
41,65,2
42,65,6
43,65,6
44,65,6
45,65,6
46,65,6
47,65,6
48,65,6
49,65,6
50,65,6
51,65,6
52,65,6
53,65,6
54,65,6
55,65,6
56,65,6
57,65,6
58,65,6
59,65,6
60,65,6
61,65,6
62,65,6
63,65,6
64,65,6
65,65,6
66,65,6
67,65,8
68,65,8
69,65,8
70,65,8
71,65,8
72,65,8
73,65,8
74,65,8
75,65,8
76,65,8
77,65,8
78,65,8
79,65,8
80,65,10
81,65,10
82,65,10
83,65,10
5,66,0
6,66,3
7,66,3
8,66,3
9,66,3
10,66,3
11,66,3
12,66,3
13,66,3
14,66,3
15,66,3
16,66,3
17,66,3
18,66,3
19,66,3
20,66,2
21,66,2
22,66,2
23,66,2
24,66,2
25,66,2
26,66,2
27,66,2
28,66,2
29,66,2
30,66,2
31,66,2
32,66,2
33,66,2
34,66,2
35,66,2
36,66,2
37,66,2
38,66,2
39,66,2
40,66,2
41,66,2
42,66,6
43,66,6
44,66,6
45,66,6
46,66,6
47,66,6
48,66,6
49,66,6
50,66,6
51,66,6
52,66,6
53,66,6
54,66,6
55,66,6
56,66,6
57,66,6
58,66,6
59,66,6
60,66,6
61,66,6
62,66,6
63,66,6
64,66,6
65,66,6
66,66,6
67,66,8
68,66,8
69,66,8
70,66,8
71,66,8
72,66,8
73,66,8
74,66,8
75,66,8
76,66,8
77,66,8
78,66,8
79,66,10
80,66,10
5,67,0
6,67,3
7,67,3
8,67,3
9,67,3
10,67,3
11,67,3
12,67,3
13,67,3
14,67,3
15,67,3
16,67,3
17,67,3
18,67,3
19,67,3
20,67,2
21,67,2
22,67,2
23,67,2
24,67,2
25,67,2
26,67,2
27,67,2
28,67,2
29,67,2
30,67,2
31,67,2
32,67,2
33,67,2
34,67,2
35,67,2
36,67,2
37,67,2
38,67,2
39,67,2
40,67,2
41,67,6
42,67,6
43,67,6
44,67,6
45,67,6
46,67,6
47,67,6
48,67,6
49,67,6
50,67,6
51,67,6
52,67,6
53,67,6
54,67,6
55,67,6
56,67,6
57,67,6
58,67,6
59,67,6
60,67,6
61,67,6
62,67,6
63,67,6
64,67,6
45,68,6
46,68,6
47,68,6
48,68,6
49,68,6
50,68,6
51,68,6
52,68,6
53,68,6
54,68,6
55,68,6
56,68,6
57,68,6
58,68,6
59,68,6
60,68,6
61,68,6
62,68,6
63,68,6
64,68,6
65,68,6
66,68,6
67,68,8
68,68,8
69,68,8
70,68,8
71,68,8
72,68,8
73,68,8
74,68,8
75,68,8
5,69,0
6,69,3
7,69,3
8,69,3
9,69,3
10,69,3
11,69,3
12,69,3
13,69,3
14,69,3
15,69,3
16,69,3
17,69,3
18,69,3
19,69,3
20,69,2
21,69,2
22,69,2
23,69,2
24,69,2
25,69,2
26,69,2
27,69,2
28,69,2
29,69,2
30,69,2
31,69,2
32,69,2
33,69,2
34,69,2
35,69,2
36,69,2
37,69,2
38,69,2
39,69,2
40,69,6
41,69,6
42,69,6
43,69,6
44,69,6
45,69,6
46,69,6
47,69,6
48,69,6
49,69,6
50,69,6
51,69,6
52,69,6
53,69,6
54,69,6
55,69,6
56,69,6
57,69,6
58,69,6
59,69,6
60,69,6
61,69,6
62,69,6
63,69,6
64,69,6
65,69,6
66,69,8
67,69,8
68,69,8
69,69,8
70,69,8
71,69,8
72,69,8
73,69,8
5,70,0
6,70,3
7,70,3
8,70,3
9,70,3
10,70,3
11,70,3
12,70,3
13,70,3
14,70,3
15,70,3
16,70,3
17,70,3
18,70,3
19,70,3
20,70,2
21,70,2
22,70,2
23,70,2
24,70,2
25,70,2
26,70,2
27,70,2
28,70,2
29,70,2
30,70,2
31,70,2
32,70,2
33,70,2
34,70,2
35,70,2
36,70,2
37,70,2
38,70,2
39,70,6
40,70,6
41,70,6
42,70,6
43,70,6
44,70,6
45,70,6
46,70,6
47,70,6
48,70,6
49,70,6
50,70,6
51,70,6
52,70,6
53,70,6
54,70,6
55,70,6
56,70,6
57,70,6
58,70,6
59,70,6
60,70,6
61,70,6
62,70,6
63,70,6
64,70,6
65,70,6
66,70,8
67,70,8
68,70,8
69,70,8
70,70,8
71,70,8
72,70,8
5,71,0
6,71,3
7,71,3
8,71,3
29,75,2
30,75,2
31,75,2
32,75,2
33,75,2
34,75,2
35,75,6
36,75,6
37,75,6
38,75,6
39,75,6
40,75,6
41,75,6
42,75,6
43,75,6
44,75,6
45,75,6
46,75,6
47,75,6
48,75,6
49,75,6
50,75,6
51,75,6
52,75,6
53,75,6
54,75,6
55,75,6
56,75,6
57,75,6
58,75,6
59,75,6
60,75,6
61,75,6
62,75,6
63,75,6
64,75,6
65,75,6
66,75,8
67,75,9
68,75,9
69,75,9
70,75,9
71,75,9
44,72,6
45,72,6
46,72,6
47,72,6
48,72,6
49,72,6
50,72,6
51,72,6
52,72,6
53,72,6
54,72,6
55,72,6
56,72,6
57,72,6
58,72,6
59,72,6
60,72,6
61,72,6
62,72,6
63,72,6
64,72,6
65,72,6
66,72,8
67,72,8
68,72,8
69,72,8
70,72,8
4,73,0
5,73,3
6,73,3
7,73,3
8,73,3
9,73,3
10,73,3
11,73,3
12,73,3
13,73,3
14,73,3
15,73,3
16,73,3
17,73,3
18,73,3
19,73,3
20,73,2
21,73,2
22,73,2
23,73,2
24,73,2
25,73,2
26,73,2
27,73,2
28,73,2
29,73,2
30,73,2
31,73,2
32,73,2
33,73,2
34,73,2
35,73,2
36,73,2
37,73,6
38,73,6
39,73,6
40,73,6
41,73,6
42,73,6
43,73,6
44,73,6
45,73,6
46,73,6
47,73,6
48,73,6
49,73,6
50,73,6
51,73,6
52,73,6
53,73,6
54,73,6
55,73,6
56,73,6
57,73,6
58,73,6
59,73,6
60,73,6
61,73,6
62,73,6
63,73,6
64,73,6
65,73,6
66,73,8
67,73,8
68,73,8
69,73,8
71,74,9
4,75,0
5,75,3
6,75,3
7,75,3
8,75,3
9,75,3
10,75,3
11,75,3
12,75,3
13,75,3
14,75,3
15,75,3
16,75,3
17,75,3
18,75,3
19,75,3
20,75,2
21,75,2
22,75,2
23,75,2
40,76,6
41,76,6
42,76,6
43,76,6
44,76,6
45,76,6
46,76,6
47,76,6
48,76,6
49,76,6
50,76,6
51,76,6
52,76,6
53,76,6
54,76,6
55,76,6
56,76,6
57,76,6
58,76,6
59,76,6
60,76,6
61,76,6
62,76,6
63,76,6
64,76,6
65,76,6
66,76,9
67,76,9
68,76,9
69,76,9
70,76,9
71,76,9
72,76,9
4,77,0
5,77,3
6,77,3
7,77,3
8,77,3
9,77,3
10,77,3
11,77,3
12,77,3
13,77,3
14,77,3
15,77,3
16,77,3
17,77,3
18,77,3
19,77,3
20,77,2
21,77,2
22,77,2
23,77,2
24,77,2
25,77,2
26,77,2
27,77,2
28,77,2
29,77,2
30,77,2
31,77,2
32,77,2
33,77,2
34,77,6
35,77,6
36,77,6
37,77,6
38,77,6
39,77,6
40,77,6
41,77,6
42,77,6
43,77,6
44,77,6
45,77,6
46,77,6
47,77,6
48,77,6
49,77,6
50,77,6
51,77,6
52,77,6
53,77,6
54,77,6
55,77,6
56,77,6
57,77,6
58,77,6
59,77,6
60,77,6
61,77,6
62,77,6
63,77,6
64,77,6
65,77,9
50,78,6
51,78,6
52,78,6
53,78,6
54,78,6
55,78,6
56,78,6
57,78,6
58,78,6
59,78,6
60,78,6
61,78,6
62,78,6
63,78,6
64,78,6
65,78,9
66,78,9
67,78,9
68,78,9
69,78,9
70,78,9
71,78,9
72,78,9
73,78,9
4,79,0
5,79,3
6,79,3
7,79,3
8,79,3
9,79,3
10,79,3
11,79,3
12,79,3
13,79,3
14,79,3
15,79,3
16,79,3
17,79,3
18,79,3
19,79,3
20,79,2
21,79,2
22,79,2
23,79,2
24,79,2
25,79,2
26,79,2
27,79,2
28,79,2
29,79,2
30,79,2
31,79,2
32,79,2
33,79,6
34,79,6
35,79,6
36,79,6
37,79,6
38,79,6
39,79,6
40,79,6
41,79,6
42,79,6
43,79,6
44,79,6
45,79,6
46,79,6
47,79,6
48,79,6
49,79,6
50,79,6
51,79,6
52,79,6
53,79,6
54,79,6
55,79,6
56,79,6
57,79,6
58,79,6
59,79,6
60,79,6
61,79,6
62,79,6
63,79,6
64,79,9
65,79,9
66,79,9
67,79,9
68,79,9
69,79,9
70,79,9
71,79,9
72,79,9
73,79,9
74,79,9
3,80,0
4,80,3
5,80,3
6,80,3
7,80,3
8,80,3
9,80,3
10,80,3
11,80,3
12,80,3
13,80,3
14,80,3
15,80,3
16,80,3
17,80,3
18,80,3
19,80,2
20,80,2
21,80,2
22,80,2
23,80,2
24,80,2
25,80,2
26,80,2
27,80,2
28,80,2
29,80,2
30,80,2
31,80,2
32,80,6
33,80,6
34,80,6
35,80,6
36,80,6
37,80,6
38,80,6
39,80,6
40,80,6
41,80,6
42,80,6
43,80,6
44,80,6
45,80,6
46,80,6
47,80,6
48,80,6
49,80,6
50,80,6
51,80,6
52,80,6
53,80,6
54,80,6
55,80,6
56,80,6
57,80,6
58,80,6
59,80,6
60,80,6
61,80,6
62,80,6
63,80,9
64,80,9
65,80,9
66,80,9
67,80,9
68,80,9
69,80,9
70,80,9
71,80,9
72,80,9
73,80,9
74,80,9
3,81,0
4,81,3
5,81,3
6,81,3
7,81,3
8,81,3
9,81,3
10,81,3
11,81,3
12,81,3
13,81,3
14,81,3
15,81,3
16,81,3
17,81,3
18,81,2
19,81,2
20,81,2
21,81,2
22,81,2
23,81,2
24,81,2
25,81,2
26,81,2
27,81,2
28,81,2
29,81,2
30,81,2
31,81,6
32,81,6
33,81,6
34,81,6
35,81,6
36,81,6
37,81,6
38,81,6
39,81,6
40,81,6
41,81,6
42,81,6
43,81,6
44,81,6
45,81,6
46,81,6
47,81,6
48,81,6
49,81,6
50,81,6
51,81,6
52,81,6
53,81,6
54,81,6
55,81,6
56,81,6
57,81,6
58,81,6
59,81,6
60,81,6
61,81,6
62,81,9
63,81,9
64,81,9
65,81,9
66,81,9
67,81,9
68,81,9
69,81,9
70,81,9
71,81,9
72,81,9
73,81,9
74,81,9
3,82,0
4,82,3
5,82,3
6,82,3
7,82,3
8,82,3
9,82,3
10,82,3
11,82,3
12,82,3
13,82,3
14,82,3
15,82,3
16,82,3
17,82,3
18,82,2
19,82,2
20,82,2
21,82,2
22,82,2
23,82,2
24,82,2
25,82,2
26,82,2
27,82,2
28,82,2
29,82,2
30,82,6
31,82,6
32,82,6
33,82,6
34,82,6
35,82,6
36,82,6
37,82,6
38,82,6
39,82,6
40,82,6
41,82,6
42,82,6
43,82,6
44,82,6
45,82,6
46,82,6
47,82,6
48,82,6
49,82,6
50,82,6
51,82,6
52,82,6
53,82,6
54,82,6
55,82,6
56,82,6
57,82,6
58,82,6
59,82,6
60,82,6
61,82,6
62,82,9
63,82,9
64,82,9
65,82,9
66,82,9
67,82,9
68,82,9
69,82,9
70,82,9
71,82,9
72,82,9
73,82,9
74,82,9
3,83,0
4,83,3
5,83,3
6,83,3
7,83,3
8,83,3
9,83,3
10,83,3
11,83,3
12,83,3
13,83,3
14,83,3
15,83,3
16,83,3
17,83,2
18,83,2
19,83,2
20,83,2
21,83,2
22,83,2
23,83,2
24,83,2
25,83,2
26,83,2
27,83,2
28,83,2
29,83,2
30,83,6
31,83,6
32,83,6
33,83,6
34,83,6
35,83,6
36,83,6
37,83,6
38,83,6
39,83,6
40,83,6
41,83,6
42,83,6
43,83,6
44,83,6
45,83,6
46,83,6
47,83,6
48,83,6
49,83,6
50,83,6
51,83,6
52,83,6
53,83,6
54,83,6
55,83,6
56,83,6
57,83,6
58,83,6
59,83,6
60,83,6
61,83,9
62,83,9
63,83,9
64,83,9
65,83,9
66,83,9
67,83,9
68,83,9
69,83,9
70,83,9
71,83,9
72,83,9
73,83,9
74,83,9
3,84,0
4,84,3
5,84,3
6,84,3
7,84,3
8,84,3
9,84,3
10,84,3
11,84,3
12,84,3
13,84,3
14,84,3
15,84,3
16,84,3
17,84,2
18,84,2
19,84,2
20,84,2
21,84,2
22,84,2
23,84,2
24,84,2
25,84,2
26,84,2
27,84,2
28,84,2
29,84,6
30,84,6
31,84,6
32,84,6
33,84,6
34,84,6
35,84,6
36,84,6
37,84,6
38,84,6
39,84,6
40,84,6
41,84,6
42,84,6
43,84,6
25,85,2
26,85,2
27,85,2
28,85,6
29,85,6
30,85,6
31,85,6
32,85,6
33,85,6
34,85,6
35,85,6
36,85,6
37,85,6
38,85,6
39,85,6
40,85,6
41,85,6
42,85,6
43,85,6
44,85,6
45,85,6
46,85,6
47,85,6
48,85,6
49,85,6
50,85,6
51,85,6
52,85,6
53,85,6
54,85,6
55,85,6
56,85,6
57,85,6
58,85,6
55,86,6
56,86,6
57,86,6
58,86,6
59,86,9
60,86,9
61,86,9
62,86,9
63,86,9
64,86,9
65,86,9
66,86,9
67,86,9
68,86,9
69,86,9
70,86,9
71,86,9
72,86,9
73,86,9
3,87,0
4,87,3
5,87,3
6,87,3
7,87,3
8,87,3
9,87,3
10,87,3
11,87,3
12,87,3
13,87,3
14,87,3
15,87,2
16,87,2
17,87,2
18,87,2
19,87,2
20,87,2
21,87,2
22,87,2
23,87,2
24,87,2
25,87,2
26,87,2
27,87,6
28,87,6
29,87,6
30,87,6
31,87,6
32,87,6
33,87,6
34,87,6
35,87,6
36,87,6
37,87,6
38,87,6
39,87,6
40,87,6
41,87,6
42,87,6
43,87,6
44,87,6
45,87,6
46,87,6
47,87,6
48,87,6
49,87,6
50,87,6
51,87,6
52,87,6
53,87,6
54,87,6
55,87,6
56,87,6
57,87,6
58,87,9
59,87,9
60,87,9
61,87,9
62,87,9
63,87,9
64,87,9
65,87,9
66,87,9
67,87,9
68,87,9
69,87,9
70,87,9
71,87,9
72,87,9
2,88,0
3,88,3
4,88,3
5,88,3
6,88,3
7,88,3
8,88,3
9,88,3
10,88,3
11,88,3
12,88,3
13,88,3
14,88,3
15,88,2
16,88,2
17,88,2
18,88,2
19,88,4
20,88,4
21,88,4
22,88,4
23,88,4
24,88,4
25,88,4
26,88,4
27,88,6
28,88,6
29,88,6
30,88,6
31,88,6
32,88,6
33,88,6
34,88,6
35,88,6
36,88,6
37,88,6
38,88,6
39,88,6
40,88,6
41,88,6
42,88,6
43,88,6
44,88,6
45,88,6
46,88,6
47,88,6
48,88,6
47,89,6
48,89,6
49,89,6
50,89,6
51,89,6
52,89,6
53,89,6
54,89,6
55,89,6
56,89,6
57,89,9
58,89,9
59,89,9
60,89,9
61,89,9
62,89,9
63,89,9
64,89,9
65,89,9
66,89,9
67,89,9
68,89,9
69,89,9
70,89,9
2,90,0
3,90,3
4,90,3
5,90,3
6,90,3
7,90,3
8,90,3
9,90,3
10,90,3
11,90,2
12,90,2
13,90,2
14,90,2
15,90,2
16,90,2
17,90,2
18,90,4
19,90,4
20,90,4
21,90,4
22,90,4
23,90,4
24,90,4
25,90,4
26,90,4
27,90,6
28,90,6
29,90,6
30,90,6
31,90,6
32,90,6
33,90,6
34,90,6
35,90,6
36,90,6
37,90,6
38,90,6
39,90,6
40,90,6
41,90,6
42,90,6
43,90,6
44,90,6
45,90,6
46,90,6
47,90,6
48,90,6
49,90,6
50,90,6
51,90,6
52,90,6
53,90,6
54,90,6
55,90,6
56,90,9
57,90,9
58,90,9
59,90,9
60,90,9
61,90,9
62,90,9
63,90,9
64,90,9
65,90,9
66,90,9
67,90,9
68,90,9
69,90,9
2,91,0
3,91,3
4,91,3
5,91,3
6,91,3
7,91,3
8,91,3
9,91,2
10,91,2
11,91,2
12,91,2
13,91,2
14,91,2
15,91,2
16,91,2
17,91,2
18,91,4
19,91,4
20,91,4
21,91,4
22,91,4
23,91,4
24,91,4
25,91,4
26,91,4
27,91,6
28,91,6
29,91,6
30,91,6
31,91,6
32,91,6
33,91,6
34,91,6
35,91,6
36,91,6
37,91,6
38,91,6
39,91,6
40,91,6
41,91,6
42,91,6
43,91,6
44,91,6
45,91,6
46,91,6
47,91,6
48,91,6
49,91,6
50,91,6
51,91,6
52,91,6
53,91,6
54,91,6
55,91,9
56,91,9
57,91,9
58,91,9
59,91,9
60,91,9
61,91,9
62,91,9
63,91,9
64,91,9
65,91,9
66,91,9
2,92,0
3,92,3
4,92,3
5,92,3
6,92,3
7,92,2
8,92,2
9,92,2
10,92,2
11,92,2
12,92,2
13,92,2
14,92,2
15,92,2
16,92,2
17,92,2
18,92,4
19,92,4
20,92,4
21,92,4
22,92,4
23,92,4
24,92,4
25,92,4
26,92,4
27,92,6
28,92,6
29,92,6
30,92,6
31,92,6
32,92,6
33,92,6
34,92,6
35,92,6
36,92,6
37,92,6
38,92,6
39,92,6
40,92,6
41,92,6
42,92,6
43,92,6
44,92,6
45,92,6
46,92,6
47,92,6
48,92,6
49,92,6
50,92,6
51,92,6
52,92,6
53,92,6
54,92,9
55,92,9
56,92,9
57,92,9
58,92,9
59,92,9
60,92,9
61,92,9
62,92,9
63,92,9
64,92,9
2,93,0
3,93,3
4,93,3
5,93,2
6,93,2
7,93,2
8,93,2
9,93,2
10,93,2
11,93,2
12,93,2
13,93,2
14,93,2
15,93,2
16,93,2
17,93,4
18,93,4
19,93,4
20,93,4
21,93,4
22,93,4
23,93,4
24,93,4
25,93,4
26,93,6
27,93,6
28,93,6
29,93,6
30,93,6
31,93,6
32,93,6
33,93,6
34,93,6
35,93,6
36,93,6
37,93,6
38,93,6
39,93,6
40,93,6
41,93,6
42,93,6
43,93,6
44,93,6
45,93,6
46,93,6
47,93,6
48,93,6
49,93,6
50,93,6
51,93,6
52,93,6
53,93,6
54,93,9
55,93,9
56,93,9
57,93,9
58,93,9
59,93,9
60,93,9
61,93,9
62,93,9
3,94,0
4,94,2
5,94,2
6,94,2
7,94,2
8,94,2
9,94,2
10,94,2
11,94,2
12,94,2
13,94,2
14,94,2
15,94,2
16,94,2
17,94,4
18,94,4
19,94,4
20,94,4
21,94,4
22,94,4
23,94,4
24,94,4
25,94,4
26,94,6
27,94,6
28,94,6
29,94,6
30,94,6
31,94,6
32,94,6
33,94,6
34,94,6
35,94,6
36,94,6
37,94,6
38,94,6
39,94,6
40,94,6
41,94,6
42,94,6
43,94,6
44,94,6
45,94,6
46,94,6
47,94,6
48,94,6
49,94,6
50,94,6
51,94,6
52,94,6
53,94,9
54,94,9
55,94,9
56,94,9
57,94,9
58,94,9
59,94,9
3,95,0
4,95,2
5,95,2
6,95,2
7,95,2
8,95,2
9,95,2
10,95,2
11,95,2
12,95,2
13,95,2
14,95,2
15,95,2
16,95,4
17,95,4
18,95,4
19,95,4
20,95,4
21,95,4
22,95,4
23,95,4
24,95,4
25,95,4
26,95,6
27,95,6
28,95,6
29,95,6
30,95,6
31,95,6
32,95,6
33,95,6
34,95,6
35,95,6
36,95,6
37,95,6
38,95,6
39,95,6
40,95,6
41,95,6
42,95,6
43,95,6
44,95,6
45,95,6
46,95,6
47,95,6
48,95,6
49,95,6
50,95,6
51,95,6
52,95,9
53,95,9
54,95,9
55,95,9
56,95,9
4,96,0
5,96,2
6,96,2
7,96,2
8,96,2
9,96,2
10,96,2
11,96,2
12,96,2
13,96,2
14,96,2
15,96,2
16,96,4
17,96,4
18,96,4
19,96,4
20,96,4
21,96,4
22,96,4
23,96,4
24,96,4
25,96,4
26,96,6
27,96,6
28,96,6
29,96,6
30,96,6
31,96,6
32,96,5
33,96,5
34,96,5
35,96,5
36,96,6
37,96,6
38,96,6
39,96,6
40,96,6
41,96,6
42,96,6
43,96,6
44,96,6
45,96,6
46,96,6
47,96,6
48,96,6
49,96,6
50,96,6
51,96,6
52,96,9
53,96,9
54,96,9
4,97,0
5,97,2
6,97,2
7,97,2
8,97,2
9,97,2
10,97,2
11,97,2
12,97,2
13,97,2
14,97,2
15,97,2
16,97,4
17,97,4
18,97,4
19,97,4
20,97,4
21,97,4
22,97,4
23,97,4
24,97,4
25,97,4
26,97,6
27,97,6
28,97,6
29,97,6
30,97,6
31,97,5
32,97,5
33,97,5
34,97,5
35,97,5
36,97,6
37,97,6
38,97,6
39,97,6
40,97,6
41,97,6
42,97,6
43,97,6
44,97,6
45,97,6
46,97,6
47,97,6
48,97,6
49,97,6
50,97,6
51,97,9
52,97,9
4,98,0
5,98,2
6,98,2
7,98,2
8,98,2
9,98,2
10,98,2
11,98,2
12,98,2
13,98,2
14,98,2
15,98,2
16,98,4
17,98,4
18,98,4
19,98,4
20,98,4
21,98,4
22,98,4
23,98,4
24,98,4
25,98,4
26,98,6
27,98,6
28,98,6
29,98,6
30,98,6
31,98,5
32,98,5
33,98,5
34,98,5
35,98,5
36,98,6
37,98,6
38,98,6
39,98,6
40,98,6
41,98,6
42,98,6
43,98,6
44,98,6
45,98,6
46,98,6
47,98,6
48,98,6
49,98,6
50,98,9
4,99,0
5,99,2
6,99,2
7,99,2
8,99,2
9,99,2
10,99,2
11,99,2
12,99,2
13,99,2
14,99,2
15,99,2
16,99,4
17,99,4
18,99,4
19,99,4
20,99,4
21,99,4
22,99,4
23,99,4
24,99,4
25,99,4
26,99,6
27,99,6
28,99,6
29,99,6
30,99,5
31,99,5
32,99,5
33,99,5
34,99,5
35,99,5
36,99,6
37,99,6
38,99,6
39,99,6
40,99,6
41,99,6
42,99,6
43,99,6
44,99,6
45,99,6
46,99,6
47,99,6
48,99,6
49,99,9
3,100,0
4,100,2
5,100,2
6,100,2
7,100,2
8,100,2
9,100,2
10,100,2
11,100,2
12,100,2
13,100,2
14,100,2
15,100,4
3,101,0
4,101,2
5,101,2
6,101,2
7,101,2
8,101,2
9,101,2
10,101,2
11,101,2
12,101,2
13,101,2
14,101,2
15,101,4
16,101,4
17,101,4
18,101,4
19,101,4
20,101,4
21,101,4
22,101,4
23,101,4
24,101,4
25,101,4
26,101,6
27,101,6
28,101,6
29,101,5
30,101,5
31,101,5
32,101,5
33,101,5
34,101,5
35,101,6
36,101,6
37,101,6
38,101,6
39,101,6
40,101,6
41,101,6
42,101,6
43,101,6
44,101,6
45,101,6
46,101,6
3,102,0
4,102,2
5,102,2
6,102,2
7,102,2
8,102,2
9,102,2
10,102,2
11,102,2
12,102,2
13,102,2
14,102,2
15,102,4
16,102,4
17,102,4
18,102,4
19,102,4
20,102,4
21,102,4
22,102,4
23,102,4
24,102,4
25,102,4
26,102,6
27,102,6
28,102,6
29,102,5
30,102,5
31,102,5
32,102,5
33,102,5
34,102,5
35,102,6
36,102,6
37,102,6
38,102,6
39,102,6
40,102,6
41,102,6
42,102,6
43,102,6
44,102,6
45,102,6
3,103,0
4,103,2
5,103,2
6,103,2
7,103,2
8,103,2
9,103,2
10,103,2
11,103,2
12,103,2
13,103,2
14,103,4
15,103,4
16,103,4
17,103,4
18,103,4
19,103,4
20,103,4
21,103,4
22,103,4
23,103,4
24,103,4
25,103,6
26,103,6
27,103,6
28,103,5
29,103,5
30,103,5
31,103,5
32,103,5
33,103,5
34,103,5
35,103,6
36,103,6
37,103,6
38,103,6
39,103,6
40,103,6
41,103,6
42,103,6
43,103,6
44,103,6
2,104,0
3,104,2
4,104,2
5,104,2
6,104,2
7,104,2
8,104,2
9,104,2
10,104,2
11,104,2
12,104,2
13,104,2
14,104,4
15,104,4
16,104,4
17,104,4
18,104,4
19,104,4
20,104,4
21,104,4
22,104,4
23,104,4
24,104,4
25,104,6
26,104,6
27,104,6
28,104,5
29,104,5
30,104,5
31,104,5
32,104,5
33,104,5
34,104,6
35,104,6
36,104,6
37,104,6
38,104,6
39,104,6
40,104,6
41,104,6
42,104,6
2,105,0
3,105,2
4,105,2
5,105,2
6,105,2
7,105,2
8,105,2
9,105,2
10,105,2
11,105,2
12,105,2
13,105,4
14,105,4
15,105,4
16,105,4
17,105,4
18,105,4
19,105,4
20,105,4
21,105,4
22,105,4
23,105,4
24,105,4
25,105,6
26,105,6
27,105,5
28,105,5
29,105,5
30,105,5
31,105,5
32,105,5
33,105,5
34,105,6
35,105,6
36,105,6
37,105,6
38,105,6
39,105,6
40,105,6
41,105,6
2,106,0
3,106,2
4,106,2
5,106,2
6,106,2
7,106,2
8,106,2
9,106,2
10,106,2
11,106,2
12,106,2
13,106,4
14,106,4
15,106,4
16,106,4
17,106,4
18,106,4
19,106,4
20,106,4
21,106,4
22,106,4
23,106,4
24,106,4
25,106,6
26,106,6
27,106,5
28,106,5
29,106,5
30,106,5
31,106,5
32,106,5
33,106,5
34,106,6
35,106,6
36,106,6
37,106,6
38,106,6
39,106,6
40,106,6
41,106,6
2,107,0
3,107,2
4,107,2
5,107,2
6,107,2
7,107,2
8,107,2
9,107,2
10,107,2
11,107,2
12,107,2
13,107,4
14,107,4
15,107,4
16,107,4
17,107,4
18,107,4
19,107,4
20,107,4
21,107,4
22,107,4
23,107,4
24,107,4
25,107,6
26,107,6
27,107,5
28,107,5
29,107,5
30,107,5
31,107,5
32,107,5
33,107,5
34,107,6
35,107,6
36,107,6
37,107,6
38,107,6
39,107,6
40,107,6
2,108,0
3,108,2
4,108,2
5,108,2
6,108,2
7,108,2
8,108,2
9,108,2
10,108,2
11,108,2
12,108,4
13,108,4
14,108,4
15,108,4
16,108,4
17,108,4
18,108,4
19,108,4
20,108,4
21,108,4
22,108,4
23,108,4
24,108,4
25,108,6
26,108,5
27,108,5
28,108,5
29,108,5
30,108,5
31,108,5
32,108,5
33,108,6
34,108,6
35,108,6
36,108,6
37,108,6
38,108,6
39,108,6
2,109,0
3,109,2
4,109,2
5,109,2
6,109,2
7,109,2
8,109,2
9,109,2
10,109,2
11,109,2
12,109,4
13,109,4
14,109,4
15,109,4
19,109,0
20,109,4
21,109,4
22,109,4
23,109,4
24,109,4
25,109,6
26,109,5
27,109,5
28,109,5
29,109,5
30,109,5
31,109,5
32,109,5
33,109,6
34,109,6
35,109,6
36,109,6
37,109,6
38,109,6
2,110,0
3,110,2
4,110,2
5,110,2
6,110,2
7,110,2
8,110,2
9,110,2
10,110,2
24,110,0
25,110,6
30,110,0
31,110,5
32,110,5
33,110,6
34,110,6
35,110,6
36,110,6
37,110,6
4,111,0
5,111,2
6,111,2
32,111,0
33,111,6
34,111,6
35,111,6
36,111,6
74,46,8
75,46,8
76,46,8
77,46,8
78,46,8
79,46,8
80,46,8
81,46,8
82,46,8
83,46,8
84,46,8
85,46,8
86,46,8
87,46,8
88,46,8
89,46,8
90,46,8
91,46,8
92,46,8
93,46,8
94,46,11
95,46,11
96,46,11
97,46,11
98,46,11
99,46,11
100,46,11
101,46,11
102,46,11
103,46,11
104,46,11
105,46,11
106,46,11
21,47,0
22,47,1
23,47,1
24,47,1
25,47,1
26,47,1
27,47,1
28,47,1
29,47,1
30,47,1
31,47,1
32,47,1
33,47,1
34,47,1
35,47,1
36,47,1
37,47,1
38,47,1
39,47,1
40,47,1
41,47,1
42,47,7
43,47,7
44,47,7
45,47,7
46,47,7
47,47,7
48,47,7
49,47,7
50,47,7
51,47,7
52,47,7
53,47,7
54,47,8
55,47,8
35,52,2
36,52,2
37,52,2
38,52,2
39,52,2
40,52,2
41,52,2
42,52,2
43,52,2
44,52,2
45,52,2
46,52,8
47,52,8
48,52,8
49,52,8
50,52,8
51,52,8
52,52,8
53,52,8
54,52,8
55,52,8
56,52,8
57,52,8
58,52,8
59,52,8
60,52,8
61,52,8
62,52,8
63,52,8
64,52,8
65,52,8
66,52,8
67,52,8
68,52,8
69,52,8
70,52,8
71,52,8
72,52,8
73,52,8
74,52,8
75,52,8
76,52,8
77,52,8
78,52,8
79,52,8
80,52,8
81,52,8
82,52,8
83,52,8
84,52,8
85,52,8
86,52,8
87,52,8
88,52,8
89,52,8
90,52,8
91,52,8
92,52,8
93,52,8
4,53,0
5,53,1
6,53,1
7,53,1
8,53,1
9,53,1
10,53,1
11,53,1
12,53,1
39,55,2
40,55,2
41,55,2
42,55,2
43,55,2
44,55,2
45,55,2
46,55,8
47,55,8
48,55,8
49,55,8
50,55,8
51,55,6
52,55,6
53,55,6
54,55,8
55,55,8
56,55,8
57,55,8
58,55,8
59,55,8
60,55,8
61,55,8
62,55,8
63,55,8
64,55,8
65,55,8
66,55,8
67,55,8
68,55,8
69,55,8
70,55,8
71,55,8
72,55,8
73,55,8
74,55,8
75,55,8
76,55,8
77,55,8
78,55,8
79,55,8
80,55,8
81,55,8
82,55,8
83,55,8
84,55,8
85,55,8
86,55,8
87,55,8
88,55,8
89,55,8
90,55,8
91,55,8
92,55,8
4,56,0
5,56,2
6,56,2
7,56,2
8,56,2
9,56,2
10,56,2
11,56,2
12,56,2
13,56,2
14,56,2
15,56,2
16,56,2
17,56,2
9,71,3
10,71,3
11,71,3
12,71,3
13,71,3
14,71,3
15,71,3
16,71,3
17,71,3
18,71,3
19,71,3
20,71,2
21,71,2
22,71,2
23,71,2
24,71,2
25,71,2
26,71,2
27,71,2
28,71,2
29,71,2
30,71,2
31,71,2
32,71,2
33,71,2
34,71,2
35,71,2
36,71,2
37,71,2
38,71,6
39,71,6
40,71,6
41,71,6
42,71,6
43,71,6
44,71,6
45,71,6
46,71,6
47,71,6
48,71,6
49,71,6
50,71,6
51,71,6
52,71,6
53,71,6
54,71,6
55,71,6
56,71,6
57,71,6
58,71,6
59,71,6
60,71,6
61,71,6
62,71,6
63,71,6
64,71,6
65,71,6
66,71,8
67,71,8
68,71,8
69,71,8
70,71,8
71,71,8
24,75,2
25,75,2
26,75,2
27,75,2
28,75,2
70,73,9
4,74,0
5,74,3
6,74,3
7,74,3
8,74,3
9,74,3
10,74,3
11,74,3
12,74,3
13,74,3
14,74,3
15,74,3
16,74,3
17,74,3
18,74,3
19,74,3
20,74,2
21,74,2
22,74,2
23,74,2
24,74,2
25,74,2
26,74,2
27,74,2
28,74,2
29,74,2
30,74,2
31,74,2
32,74,2
33,74,2
34,74,2
35,74,2
36,74,6
37,74,6
38,74,6
39,74,6
40,74,6
41,74,6
42,74,6
43,74,6
44,74,6
45,74,6
46,74,6
47,74,6
48,74,6
49,74,6
50,74,6
51,74,6
52,74,6
53,74,6
54,74,6
55,74,6
56,74,6
57,74,6
58,74,6
59,74,6
60,74,6
61,74,6
62,74,6
63,74,6
64,74,6
65,74,6
66,74,8
67,74,8
68,74,9
69,74,9
70,74,9
59,85,9
60,85,9
61,85,9
62,85,9
63,85,9
64,85,9
65,85,9
66,85,9
67,85,9
68,85,9
69,85,9
70,85,9
71,85,9
72,85,9
73,85,9
74,85,9
3,86,0
4,86,3
5,86,3
6,86,3
7,86,3
8,86,3
9,86,3
10,86,3
11,86,3
12,86,3
13,86,3
14,86,3
15,86,3
16,86,2
17,86,2
18,86,2
19,86,2
20,86,2
21,86,2
22,86,2
23,86,2
24,86,2
25,86,2
26,86,2
27,86,2
28,86,6
29,86,6
30,86,6
31,86,6
32,86,6
33,86,6
34,86,6
35,86,6
36,86,6
37,86,6
38,86,6
39,86,6
40,86,6
41,86,6
42,86,6
43,86,6
44,86,6
45,86,6
46,86,6
47,86,6
48,86,6
49,86,6
50,86,6
51,86,6
52,86,6
53,86,6
54,86,6
49,88,6
50,88,6
51,88,6
52,88,6
53,88,6
54,88,6
55,88,6
56,88,6
57,88,9
58,88,9
59,88,9
60,88,9
61,88,9
62,88,9
63,88,9
64,88,9
65,88,9
66,88,9
67,88,9
68,88,9
69,88,9
70,88,9
71,88,9
2,89,0
3,89,3
4,89,3
5,89,3
6,89,3
7,89,3
8,89,3
9,89,3
10,89,3
11,89,3
12,89,3
13,89,2
14,89,2
15,89,2
16,89,2
17,89,2
18,89,2
19,89,4
20,89,4
21,89,4
22,89,4
23,89,4
24,89,4
25,89,4
26,89,4
27,89,6
28,89,6
29,89,6
30,89,6
31,89,6
32,89,6
33,89,6
34,89,6
35,89,6
36,89,6
37,89,6
38,89,6
39,89,6
40,89,6
41,89,6
42,89,6
43,89,6
44,89,6
45,89,6
46,89,6
